﻿pos_x,pos_y,rotation,side,designator,mpn,pack,footprint,value,mount_type
149.9875,-86.647,90.0,top,C1,,C0603,C_0603_1608Metric,10uF,smt
143.1025,-92.049,-90.0,top,C10,,C0603,C_0603_1608Metric,100nF,smt
141.5795,-92.049,-90.0,top,C11,,C0603,C_0603_1608Metric,10nf,smt
158.4545,-115.413,-90.0,top,C12,,C0603,C_0603_1608Metric,10uF,smt
158.4615,-112.374,90.0,top,C13,,C0603,C_0603_1608Metric,100nF,smt
164.8785,-117.863,180.0,top,C14,,C0603,C_0603_1608Metric,100nF,smt
174.9855,-66.427,-45.0,top,C15,,C0603,C_0603_1608Metric,1uF,smt
175.038407,-121.710907,-135.0,top,C16,,C0603,C_0603_1608Metric,1uF,smt
119.822078,-121.804208,135.0,top,C17,,C0603,C_0603_1608Metric,1uF,smt
119.641593,-66.605093,45.0,top,C18,,C0603,C_0603_1608Metric,1uF,smt
151.5995,-91.236,-90.0,top,C2,,C0603,C_0603_1608Metric,470pF,smt
154.1445,-90.686,0.0,top,C3,,C0805,C_0805_2012Metric,2.2uF,smt
155.1555,-93.201,90.0,top,C4,,C0603,C_0603_1608Metric,10uF,smt
162.2735,-82.107,0.0,top,C5,,C0603,C_0603_1608Metric,10uF,smt
135.2035,-86.09,0.0,top,C6,,C0603,C_0603_1608Metric,100nF,smt
135.2035,-81.489,180.0,top,C7,,C0603,C_0603_1608Metric,100nF,smt
146.8405,-86.68,90.0,top,C8,,C0603,C_0603_1608Metric,100nF,smt
142.3545,-94.363,180.0,top,C9,,C0603,C_0603_1608Metric,2.2nf,smt
147.293,-82.576,180.0,top,D1,,SMA(DO-214AC),D_SMA,SS34,smt
176.608632,-64.835688,-45.0,top,D2,,SOD-123,D_SOD-123F,1N4148W,smt
176.629719,-123.334039,-135.0,top,D3,,SOD-123,D_SOD-123F,1N4148W,smt
118.198946,-123.39552,135.0,top,D4,,SOD-123,D_SOD-123F,1N4148W,smt
118.050281,-64.981961,45.0,top,D5,,SOD-123,D_SOD-123F,1N4148W,smt
159.3695,-87.187,90.0,top,IC1,, ESOP-8,SOIC127P600X175-9N,TP4056,smt
147.3775,-75.459,180.0,top,J1,,SMD,USB_C_Receptacle_HRO_TYPE-C-31-M-12,USB_C_Receptacle_USB2.0,smt
115.546801,-63.924515,45.0,top,J10,,,JST_PH_B2B-PH-K_1x02_P2.00mm_Vertical,Conn_01x02_Female,tht
146.77,-113.5145,0.0,bottom,J11,,,PMW3901,Conn_01x09,smt
155.289499,-75.869,0.0,bottom,J12,,,VL53L1X_BREAKOUT,Conn_01x06,tht
136.967499,-75.869,0.0,bottom,J13,,,MS5611_Module,Conn_01x07,smt
136.0615,-103.62995,90.0,top,J14,," Plugin,P=1.25mm",CONN-TH_1.25T-2A_1.25T-2A,Conn_01x02,tht
159.9075,-80.0456,0.0,top,J2,,"Push-Pull,P=2.5mm",CONN-TH_2P-P2.50_XH-2AW,JST XH 2P 2.50mm SMD Hoz,tht
168.4775,-114.084,180.0,top,J3,,,PinHeader_1x06_P2.54mm_Vertical,Conn_01x06,tht
168.4775,-74.204,0.0,top,J4,,,PinHeader_1x06_P2.54mm_Vertical,Conn_01x06,tht
126.2765,-114.084,180.0,top,J5,,,PinHeader_1x06_P2.54mm_Vertical,Conn_01x06,tht
126.2765,-74.204,0.0,top,J6,,,PinHeader_1x06_P2.54mm_Vertical,Conn_01x06,tht
177.666078,-62.332208,-45.0,top,J7,,,JST_PH_B2B-PH-K_1x02_P2.00mm_Vertical,Conn_01x02_Female,tht
179.133199,-124.391485,-135.0,top,J8,,,JST_PH_B2B-PH-K_1x02_P2.00mm_Vertical,Conn_01x02_Female,tht
117.1415,-125.899,135.0,top,J9,,,JST_PH_B2B-PH-K_1x02_P2.00mm_Vertical,Conn_01x02_Female,tht
164.6195,-97.891,-90.0,top,LED1,,LED0603,LED_0603_1608Metric,LED_Red,smt
164.6195,-94.098547,90.0,top,LED2,,LED0603,LED_0603_1608Metric,LED_Red,smt
164.6195,-90.411,-90.0,top,LED3,,LED0603,LED_0603_1608Metric,LED_Blue,smt
130.1355,-90.411,90.0,top,LED4,,LED0603,LED_0603_1608Metric,LED_Green,smt
130.1355,-94.131,90.0,top,LED5,,LED0603,LED_0603_1608Metric,LED_Red,smt
130.1355,-97.851,90.0,top,LED6,,LED0603,LED_0603_1608Metric,LED_Blue,smt
139.7265,-79.579,90.0,top,R1,,R0603,R_0603_1608Metric,5.1K,smt
135.2035,-83.013,0.0,top,R10,,R0603,R_0603_1608Metric,1K,smt
131.7635,-90.431,-90.0,top,R11,,R0603,R_0603_1608Metric,1K,smt
131.7645,-94.151,-90.0,top,R12,,R0603,R_0603_1608Metric,1K,smt
131.7645,-97.871,-90.0,top,R13,,R0603,R_0603_1608Metric,1K,smt
152.3495,-93.535,0.0,top,R14,,R0603,R_0603_1608Metric,10k,smt
148.4225,-86.664,-90.0,top,R15,,R0603,R_0603_1608Metric,4.7k,smt
152.4255,-95.101,0.0,top,R16,,R0603,R_0603_1608Metric,10k,smt
142.3625,-89.696,180.0,top,R17,,R0603,R_0603_1608Metric,10k,smt
164.8785,-116.273,180.0,top,R18,,R0603,R_0603_1608Metric,10k,smt
138.702,-91.2245,0.0,top,R19,,R0603,R_0603_1608Metric,10k,smt
141.2575,-79.575,90.0,top,R2,,R0603,R_0603_1608Metric,5.1K,smt
131.9345,-101.408,0.0,top,R20,,R0603,R_0603_1608Metric,10k,smt
131.9345,-103.918,0.0,top,R21,,R0603,R_0603_1608Metric,10k,smt
170.639684,-70.772816,135.0,top,R22,,R0603,R_0603_1608Metric,10k,smt
170.692591,-117.365091,45.0,top,R23,,R0603,R_0603_1608Metric,10k,smt
124.167894,-117.458392,-45.0,top,R24,,R0603,R_0603_1608Metric,10k,smt
123.987409,-70.950909,-135.0,top,R25,,R0603,R_0603_1608Metric,10k,smt
163.0115,-84.388,-90.0,top,R26,,R0603,R_0603_1608Metric,100K,smt
163.0005,-87.414,-90.0,top,R27,,R0603,R_0603_1608Metric,100K,smt
123.5525,-113.267,90.0,top,R28,,R0603,R_0603_1608Metric,0R,smt
130.6035,-117.889,0.0,top,R29,,R0603,R_0603_1608Metric,0R,smt
153.6245,-79.162,90.0,top,R3,,R0603,R_0603_1608Metric,100K,smt
130.6035,-116.308,0.0,top,R30,,R0603,R_0603_1608Metric,0R,smt
163.0015,-97.871,90.0,top,R4,,R0603,R_0603_1608Metric,470R,smt
158.0075,-91.827,180.0,top,R5,,R0603,R_0603_1608Metric,1.2K,smt
163.0015,-94.078547,90.0,top,R6,,R0603,R_0603_1608Metric,1K,smt
163.0015,-90.431,90.0,top,R7,,R0603,R_0603_1608Metric,1K,smt
132.9015,-81.519,90.0,top,R8,,R0603,R_0603_1608Metric,100K,smt
135.2035,-84.53,0.0,top,R9,,R0603,R_0603_1608Metric,1K,smt
135.6786,-75.854,180.0,top,SW1,,SMD-SW,SW-SMD_MST22D18G2,MST22D18G2_125,smt
133.5315,-113.33,90.0,top,SW2,,SMD_SW_TACT,Tactile 3x4x2mm TS-A010,Tactile Switch 3x4x2,smt
161.1715,-113.33,90.0,top,SW3,,SMD_SW_TACT,Tactile 3x4x2mm TS-A010,Tactile Switch 3x4x2,smt
172.812593,-68.599907,45.0,top,T1,,SOT-23,SOT95P237X112-3N,IRLML6344TRPBF,smt
172.8655,-119.538,-45.0,top,T2,,SOT-23,SOT95P237X112-3N,IRLML6344TRPBF,smt
121.994985,-119.631301,-135.0,top,T3,,SOT-23,SOT95P237X112-3N,IRLML6344TRPBF,smt
121.8145,-68.778,135.0,top,T4,,SOT-23,SOT95P237X112-3N,IRLML6344TRPBF,smt
154.555999,-83.57,0.0,top,U1,,SOT-23,SOT-23,AO3401A,smt
152.573,-87.588,-90.0,top,U2,, SOT-23-5,SOT-23-5,SPX3819M5-L-3-3/TR,smt
140.36,-83.8375,180.0,top,U5,,ESSOP-10-150mil-1mm,ESSOP-10_3.9x4.9mm_P1.00mm,CH340K,smt
138.745,-88.7585,90.0,top,U6,,SOT-363,SOT-363_SC-70-6,2N27002DW,smt
147.3775,-91.674,180.0,top,U7,,QFN-24-EP(4x4),MPU6050,MPU-6050,smt
147.3775,-109.654,180.0,top,U8,,"SMD,18x25.5mm",ESP32-S3-WROOM-1,ESP32-S3-WROOM-1,smt
