﻿pos_x,pos_y,rotation,side,designator,mpn,pack,footprint,value,mount_type
137.702,-88.763,90.0,top,C1,,C0603,C_0603_1608Metric,10uF,smt
130.817,-94.165,-90.0,top,C10,,C0603,C_0603_1608Metric,100nF,smt
129.294,-94.165,-90.0,top,C11,,C0603,C_0603_1608Metric,10nf,smt
146.169,-117.529,-90.0,top,C12,,C0603,C_0603_1608Metric,10uF,smt
146.176,-114.49,90.0,top,C13,,C0603,C_0603_1608Metric,100nF,smt
152.593,-119.979,180.0,top,C14,,C0603,C_0603_1608Metric,100nF,smt
162.7,-68.543,-45.0,top,C15,,C0603,C_0603_1608Metric,1uF,smt
162.752907,-123.826907,-135.0,top,C16,,C0603,C_0603_1608Metric,1uF,smt
107.536578,-123.920208,135.0,top,C17,,C0603,C_0603_1608Metric,1uF,smt
107.356093,-68.721093,45.0,top,C18,,C0603,C_0603_1608Metric,1uF,smt
139.314,-93.352,-90.0,top,C2,,C0603,C_0603_1608Metric,470pF,smt
141.859,-92.802,0.0,top,C3,,C0805,C_0805_2012Metric,2.2uF,smt
142.87,-95.317,90.0,top,C4,,C0603,C_0603_1608Metric,10uF,smt
149.988,-84.223,0.0,top,C5,,C0603,C_0603_1608Metric,10uF,smt
122.918,-88.206,0.0,top,C6,,C0603,C_0603_1608Metric,100nF,smt
122.918,-83.605,180.0,top,C7,,C0603,C_0603_1608Metric,100nF,smt
134.555,-88.796,90.0,top,C8,,C0603,C_0603_1608Metric,100nF,smt
130.069,-96.479,180.0,top,C9,,C0603,C_0603_1608Metric,2.2nf,smt
135.0075,-84.692,180.0,top,D1,,SMA(DO-214AC),D_SMA,SS34,smt
164.323132,-66.951688,-45.0,top,D2,,SOD-123,D_SOD-123F,1N4148W,smt
164.344219,-125.450039,-135.0,top,D3,,SOD-123,D_SOD-123F,1N4148W,smt
105.913446,-125.51152,135.0,top,D4,,SOD-123,D_SOD-123F,1N4148W,smt
105.764781,-67.097961,45.0,top,D5,,SOD-123,D_SOD-123F,1N4148W,smt
147.084,-89.303,90.0,top,IC1,, ESOP-8,SOIC127P600X175-9N,TP4056,smt
135.092,-77.575,180.0,top,J1,,SMD,USB_C_Receptacle_HRO_TYPE-C-31-M-12,USB_C_Receptacle_USB2.0,smt
103.261301,-66.040515,45.0,top,J10,,,JST_PH_B2B-PH-K_1x02_P2.00mm_Vertical,Conn_01x02_Female,tht
134.4845,-115.6305,0.0,bottom,J11,,,PMW3901,Conn_01x09,smt
143.003999,-77.985,0.0,bottom,J12,,,VL53L1X_BREAKOUT,Conn_01x06,tht
124.681999,-77.985,0.0,bottom,J13,,,MS5611_Module,Conn_01x07,smt
123.776,-105.74595,90.0,top,J14,," Plugin,P=1.25mm",CONN-TH_1.25T-2A_1.25T-2A,Conn_01x02,tht
147.622,-82.1616,0.0,top,J2,,"Push-Pull,P=2.5mm",CONN-TH_2P-P2.50_XH-2AW,JST XH 2P 2.50mm SMD Hoz,tht
156.192,-116.2,180.0,top,J3,,,PinHeader_1x06_P2.54mm_Vertical,Conn_01x06,tht
156.192,-76.32,0.0,top,J4,,,PinHeader_1x06_P2.54mm_Vertical,Conn_01x06,tht
113.991,-116.2,180.0,top,J5,,,PinHeader_1x06_P2.54mm_Vertical,Conn_01x06,tht
113.991,-76.32,0.0,top,J6,,,PinHeader_1x06_P2.54mm_Vertical,Conn_01x06,tht
165.380578,-64.448208,-45.0,top,J7,,,JST_PH_B2B-PH-K_1x02_P2.00mm_Vertical,Conn_01x02_Female,tht
166.847699,-126.507485,-135.0,top,J8,,,JST_PH_B2B-PH-K_1x02_P2.00mm_Vertical,Conn_01x02_Female,tht
104.856,-128.015,135.0,top,J9,,,JST_PH_B2B-PH-K_1x02_P2.00mm_Vertical,Conn_01x02_Female,tht
152.334,-100.007,-90.0,top,LED1,,LED0603,LED_0603_1608Metric,LED_Red,smt
152.334,-96.214547,90.0,top,LED2,,LED0603,LED_0603_1608Metric,LED_Red,smt
152.334,-92.527,-90.0,top,LED3,,LED0603,LED_0603_1608Metric,LED_Blue,smt
117.85,-92.527,90.0,top,LED4,,LED0603,LED_0603_1608Metric,LED_Green,smt
117.85,-96.247,90.0,top,LED5,,LED0603,LED_0603_1608Metric,LED_Red,smt
117.85,-99.967,90.0,top,LED6,,LED0603,LED_0603_1608Metric,LED_Blue,smt
127.441,-81.695,90.0,top,R1,,R0603,R_0603_1608Metric,5.1K,smt
122.918,-85.129,0.0,top,R10,,R0603,R_0603_1608Metric,1K,smt
119.478,-92.547,-90.0,top,R11,,R0603,R_0603_1608Metric,1K,smt
119.479,-96.267,-90.0,top,R12,,R0603,R_0603_1608Metric,1K,smt
119.479,-99.987,-90.0,top,R13,,R0603,R_0603_1608Metric,1K,smt
140.064,-95.651,0.0,top,R14,,R0603,R_0603_1608Metric,10k,smt
136.137,-88.78,-90.0,top,R15,,R0603,R_0603_1608Metric,4.7k,smt
140.14,-97.217,0.0,top,R16,,R0603,R_0603_1608Metric,10k,smt
130.077,-91.812,180.0,top,R17,,R0603,R_0603_1608Metric,10k,smt
152.593,-118.389,180.0,top,R18,,R0603,R_0603_1608Metric,10k,smt
126.4165,-93.3405,0.0,top,R19,,R0603,R_0603_1608Metric,10k,smt
128.972,-81.691,90.0,top,R2,,R0603,R_0603_1608Metric,5.1K,smt
119.649,-103.524,0.0,top,R20,,R0603,R_0603_1608Metric,10k,smt
119.649,-106.034,0.0,top,R21,,R0603,R_0603_1608Metric,10k,smt
158.354184,-72.888816,135.0,top,R22,,R0603,R_0603_1608Metric,10k,smt
158.407091,-119.481091,45.0,top,R23,,R0603,R_0603_1608Metric,10k,smt
111.882394,-119.574392,-45.0,top,R24,,R0603,R_0603_1608Metric,10k,smt
111.701909,-73.066909,-135.0,top,R25,,R0603,R_0603_1608Metric,10k,smt
150.726,-86.504,-90.0,top,R26,,R0603,R_0603_1608Metric,100K,smt
150.715,-89.53,-90.0,top,R27,,R0603,R_0603_1608Metric,100K,smt
111.267,-115.383,90.0,top,R28,,R0603,R_0603_1608Metric,0R,smt
118.318,-120.005,0.0,top,R29,,R0603,R_0603_1608Metric,0R,smt
141.339,-81.278,90.0,top,R3,,R0603,R_0603_1608Metric,100K,smt
118.318,-118.424,0.0,top,R30,,R0603,R_0603_1608Metric,0R,smt
150.716,-99.987,90.0,top,R4,,R0603,R_0603_1608Metric,470R,smt
145.722,-93.943,180.0,top,R5,,R0603,R_0603_1608Metric,1.2K,smt
150.716,-96.194547,90.0,top,R6,,R0603,R_0603_1608Metric,1K,smt
150.716,-92.547,90.0,top,R7,,R0603,R_0603_1608Metric,1K,smt
120.616,-83.635,90.0,top,R8,,R0603,R_0603_1608Metric,100K,smt
122.918,-86.646,0.0,top,R9,,R0603,R_0603_1608Metric,1K,smt
123.3931,-77.97,180.0,top,SW1,,SMD-SW,SW-SMD_MST22D18G2,MST22D18G2_125,smt
121.246,-115.446,90.0,top,SW2,,SMD_SW_TACT,Tactile 3x4x2mm TS-A010,Tactile Switch 3x4x2,smt
148.886,-115.446,90.0,top,SW3,,SMD_SW_TACT,Tactile 3x4x2mm TS-A010,Tactile Switch 3x4x2,smt
160.527093,-70.715907,45.0,top,T1,,SOT-23,SOT95P237X112-3N,IRLML6344TRPBF,smt
160.58,-121.654,-45.0,top,T2,,SOT-23,SOT95P237X112-3N,IRLML6344TRPBF,smt
109.709485,-121.747301,-135.0,top,T3,,SOT-23,SOT95P237X112-3N,IRLML6344TRPBF,smt
109.529,-70.894,135.0,top,T4,,SOT-23,SOT95P237X112-3N,IRLML6344TRPBF,smt
142.270499,-85.686,0.0,top,U1,,SOT-23,SOT-23,AO3401A,smt
140.2875,-89.704,-90.0,top,U2,, SOT-23-5,SOT-23-5,SPX3819M5-L-3-3/TR,smt
128.0745,-85.9535,180.0,top,U5,,ESSOP-10-150mil-1mm,ESSOP-10_3.9x4.9mm_P1.00mm,CH340K,smt
126.4595,-90.8745,90.0,top,U6,,SOT-363,SOT-363_SC-70-6,2N27002DW,smt
135.092,-93.79,180.0,top,U7,,QFN-24-EP(4x4),MPU6050,MPU-6050,smt
135.092,-111.77,180.0,top,U8,,"SMD,18x25.5mm",ESP32-S3-WROOM-1,ESP32-S3-WROOM-1,smt
