﻿Designator,Quantity,Value,Footprint,Package,MPN,DNP,Mount_Type,LCSC Part #,LCSC Link,MFR.Part #,Manufacturer,JLCA Type,Description
"C1, C12, C4, C5",4,10uF,C_0603_1608Metric,C0603,,,smt,C19702,https://www.lcsc.com/product-detail/Multilayer-Ceramic-Capacitors-MLCC-SMD-SMT_Samsung-Electro-Mechanics-CL10A106KP8NNNC_C19702.html,CL10A106KP8NNNC,Samsung Electro-Mechanics,Basic,
"C10, C13, C14, C6, C7, C8",6,100nF,C_0603_1608Metric,C0603,,,smt,C14663,https://www.lcsc.com/product-detail/Multilayer-Ceramic-Capacitors-MLCC-SMD-SMT_YAGEO-CC0603KRX7R9BB104_C14663.html,CC0603KRX7R9BB104, YAGEO,Basic,
C11,1,10nf,C_0603_1608Metric,C0603,,,smt,C57112,https://www.lcsc.com/product-detail/Multilayer-Ceramic-Capacitors-MLCC-SMD-SMT_FH-Guangdong-Fenghua-Advanced-Tech-0603B103K500NT_C57112.html,0603B103K500NT,FH (Guangdong Fenghua Advanced Tech),Basic,
"C15, C16, C17, C18",4,1uF,C_0603_1608Metric,C0603,,,smt,C15849,https://www.lcsc.com/product-detail/Multilayer-Ceramic-Capacitors-MLCC-SMD-SMT_Samsung-Electro-Mechanics-CL10A105KB8NNNC_C15849.html,CL10A105KB8NNNC,Samsung Electro-Mechanics,Basic,
C2,1,470pF,C_0603_1608Metric,C0603,,,smt,C1620,https://www.lcsc.com/product-detail/Multilayer-Ceramic-Capacitors-MLCC-SMD-SMT_FH-Guangdong-Fenghua-Advanced-Tech-0603B471K500NT_C1620.html,0603B471K500NT, FH (Guangdong Fenghua Advanced Tech),Basic,
C3,1,2.2uF,C_0805_2012Metric,C0805,,,smt,C5448893,https://www.lcsc.com/product-detail/Multilayer-Ceramic-Capacitors-MLCC-SMD-SMT_CCTC-TCC0805X7R225M250FT_C5448893.html,TCC0805X7R225M250FT,CCTC,Basic,
C9,1,2.2nf,C_0603_1608Metric,C0603,,,smt,C1604,https://www.lcsc.com/product-detail/Multilayer-Ceramic-Capacitors-MLCC-SMD-SMT_FH-Guangdong-Fenghua-Advanced-Tech-0603B222K500NT_C1604.html,0603B222K500NT, FH (Guangdong Fenghua Advanced Tech),Basic,
D1,1,SS34,D_SMA,SMA(DO-214AC),,,smt,C8678,https://www.lcsc.com/product-detail/Schottky-Diodes_MDD-Microdiode-Semiconductor-SS34_C8678.html,SS34,MDD(Microdiode Semiconductor),Basic,
"D2, D3, D4, D5",4,1N4148W,D_SOD-123F,SOD-123,,,smt,C81598,https://www.lcsc.com/product-detail/Switching-Diodes_ST-Semtech-1N4148W_C81598.html,1N4148W,ST(Semtech),Basic,
IC1,1,TP4056,SOIC127P600X175-9N, ESOP-8,,,smt,C20199357,https://www.lcsc.com/product-detail/Battery-Management_YONGYUTAI-TP4056_C20199357.html,TP4056,YONGYUTAI,Extended,PMIC - Battery Management ESOP-8 RoHS
J1,1,USB_C_Receptacle_USB2.0,USB_C_Receptacle_HRO_TYPE-C-31-M-12,SMD,,,smt,C2927038,https://www.lcsc.com/product-detail/USB-Connectors_DEALON-USB-TYPE-C-018_C2927038.html,USB-TYPE-C-018,DEALON,Extended,
J14,1,Conn_01x02,CONN-TH_1.25T-2A_1.25T-2A," Plugin,P=1.25mm",,,tht, C722594,https://www.lcsc.com/product-detail/Wire-To-Board-Connector_CAX-1-25-2A_C722594.html, 1.25-2A,CAX,Extended,"Generic connector, single row, 01x02, script generated (kicad-library-utils/schlib/autogen/connector/)"
J2,1,JST XH 2P 2.50mm SMD Hoz,CONN-TH_2P-P2.50_XH-2AW,"Push-Pull,P=2.5mm",,,tht,C33132,https://www.lcsc.com/product-detail/Wire-To-Board-Connector_BOOMELE-Boom-Precision-Elec-XH-2AW_C33132.html,XH-2AW,BOOMELE(Boom Precision Elec),Extended,
"LED1, LED2, LED5",3,LED_Red,LED_0603_1608Metric,LED0603,,,smt,C2286,https://www.lcsc.com/product-detail/LED-Indication-Discrete_Hubei-KENTO-Elec-KT-0603R_C2286.html,KT-0603R,Hubei KENTO Elec,"[LED1,LED2]Basic; [LED5]Extended",
"LED3, LED6",2,LED_Blue,LED_0603_1608Metric,LED0603,,,smt,C2288,https://www.lcsc.com/product-detail/LED-Indication-Discrete_Hubei-KENTO-Elec-KT-0603B_C2288.html,KT-0603B,Hubei KENTO Elec,Basic,
LED4,1,LED_Green,LED_0603_1608Metric,LED0603,,,smt,C12065,https://www.lcsc.com/product-detail/LED-Indication-Discrete_Lite-On-LTST-C193TGKT-5A_C12065.html,LTST-C193TGKT-5A,Lite-On,Extended,
"R1, R2",2,5.1K,R_0603_1608Metric,R0603,,,smt,C23186,https://www.lcsc.com/product-detail/Chip-Resistor-Surface-Mount_UNI-ROYAL-Uniroyal-Elec-0603WAF5101T5E_C23186.html,0603WAF5101T5E,UNI-ROYAL(Uniroyal Elec),Basic,
"R10, R11, R12, R13, R6, R7, R9",7,1K,R_0603_1608Metric,R0603,,,smt,C21190,https://www.lcsc.com/product-detail/Chip-Resistor-Surface-Mount_UNI-ROYAL-Uniroyal-Elec-0603WAF1001T5E_C21190.html,0603WAF1001T5E,UNI-ROYAL(Uniroyal Elec),Basic,
"R14, R16, R17, R18, R19, R20, R21, R22, R23, R24, R25",11,10k,R_0603_1608Metric,R0603,,,smt, C25804,https://www.lcsc.com/product-detail/Chip-Resistor-Surface-Mount_UNI-ROYAL-Uniroyal-Elec-0603WAF1002T5E_C25804.html,0603WAF1002T5E,UNI-ROYAL(Uniroyal Elec),Basic,
R15,1,4.7k,R_0603_1608Metric,R0603,,,smt,C23162,https://www.lcsc.com/product-detail/Chip-Resistor-Surface-Mount_UNI-ROYAL-Uniroyal-Elec-0603WAF4701T5E_C23162.html,0603WAF4701T5E,UNI-ROYAL(Uniroyal Elec),Basic,
"R26, R27, R3, R8",4,100K,R_0603_1608Metric,R0603,,,smt,C25803,https://www.lcsc.com/product-detail/Chip-Resistor-Surface-Mount_UNI-ROYAL-Uniroyal-Elec-0603WAF1003T5E_C25803.html,0603WAF1003T5E,[R8]UNI-ROYAL(Uniroyal Elec); [R3] UNI-ROYAL(Uniroyal Elec),"[R26]Baic; [R27,R3,R8]Basic",
R28,1,0R,R_0603_1608Metric,R0603,,Yes,smt, C21189,https://www.lcsc.com/product-detail/Chip-Resistor-Surface-Mount_UNI-ROYAL-Uniroyal-Elec-0603WAF0000T5E_C21189.html,0603WAF0000T5E,UNI-ROYAL(Uniroyal Elec),Basic,
R29,1,0R,R_0603_1608Metric,R0603,,Yes,smt, C21189,https://www.lcsc.com/product-detail/Chip-Resistor-Surface-Mount_UNI-ROYAL-Uniroyal-Elec-0603WAF0000T5E_C21189.html,0603WAF0000T5E,UNI-ROYAL(Uniroyal Elec),Basic,
R30,1,0R,R_0603_1608Metric,R0603,,Yes,smt, C21189,https://www.lcsc.com/product-detail/Chip-Resistor-Surface-Mount_UNI-ROYAL-Uniroyal-Elec-0603WAF0000T5E_C21189.html,0603WAF0000T5E,UNI-ROYAL(Uniroyal Elec),Basic,
R4,1,470R,R_0603_1608Metric,R0603,,,smt,C23179,https://www.lcsc.com/product-detail/Chip-Resistor-Surface-Mount_UNI-ROYAL-Uniroyal-Elec-0603WAF4700T5E_C23179.html,0603WAF4700T5E,UNI-ROYAL(Uniroyal Elec),Basic,
R5,1,1.2K,R_0603_1608Metric,R0603,,,smt,C22765,https://www.lcsc.com/product-detail/Chip-Resistor-Surface-Mount_UNI-ROYAL-Uniroyal-Elec-0603WAF1201T5E_C22765.html,0603WAF1201T5E,UNI-ROYAL(Uniroyal Elec),Basic,
SW1,1,MST22D18G2_125,SW-SMD_MST22D18G2,SMD-SW,,,smt,C2906280,https://www.lcsc.com/product-detail/Slide-Switches_SHOU-HAN-MST22D18G2-125_C2906280.html,MST22D18G2 125,SHOU HAN,Extended,
"SW2, SW3",2,Tactile Switch 3x4x2,Tactile 3x4x2mm TS-A010,SMD_SW_TACT,,,smt,C2874433,https://www.lcsc.com/product-detail/Tactile-Switches_Hanbo-Electronic-TS-KG88C-ART25F_C2874433.html,TS-KG88C-ART25F,Hanbo Electronic,Extended,
"T1, T2, T3, T4",4,IRLML6344TRPBF,SOT95P237X112-3N,SOT-23,,,smt,C6285738 ,https://www.lcsc.com/product-detail/MOSFETs_HXY-MOSFET-IRLML6344TRPBF-HXY_C6285738.html,IRLML6344TRPBF-HXY, HXY MOSFET,Extended,
U1,1,AO3401A,SOT-23,SOT-23,,,smt,C15127,https://www.lcsc.com/product-detail/MOSFETs_Alpha-Omega-Semicon-AO3401A_C15127.html,AO3401A,Alpha & Omega Semicon,Basic,
U2,1,SPX3819M5-L-3-3/TR,SOT-23-5, SOT-23-5,,,smt,C9055,https://www.lcsc.com/product-detail/Voltage-Regulators-Linear-Low-Drop-Out-LDO-Regulators_MaxLinear-SPX3819M5-L-3-3-TR_C9055.html,SPX3819M5-L-3-3/TR, MaxLinear,Extended,
U5,1,CH340K,ESSOP-10_3.9x4.9mm_P1.00mm,ESSOP-10-150mil-1mm,,,smt,C18208922,https://www.lcsc.com/product-detail/USB-Converters_WCH-Jiangsu-Qin-Heng-CH340K_C18208922.html,CH340K,WCH(Jiangsu Qin Heng),Extended,
U6,1,2N27002DW,SOT-363_SC-70-6,SOT-363,,,smt,C5190214,https://www.lcsc.com/product-detail/MOSFETs_Guangdong-Hottech-2N7002DW_C5190214.html,2N27002DW,Guangdong Hottech,Extended,
U7,1,MPU-6050,MPU6050,QFN-24-EP(4x4),,Yes,smt,C24112,https://www.lcsc.com/product-detail/Accelerometers_TDK-InvenSense-MPU-6050_C24112.html,MPU-6050,TDK InvenSense,Extended,
U8,1,ESP32-S3-WROOM-1,ESP32-S3-WROOM-1,"SMD,18x25.5mm",,,smt,C2913198,https://www.lcsc.com/product-detail/WiFi-Modules_Espressif-Systems-ESP32-S3-WROOM-1-N8_C2913198.html,ESP32-S3-WROOM-1-N8,Espressif Systems,Extended,"RF Module, ESP32-S3 SoC, Wi-Fi 802.11b/g/n, Bluetooth, BLE, 32-bit, 3.3V, onboard antenna, SMD"
